{
  "model_name": "xgboost",
  "n_features": 5014,
  "cv_results": {
    "xgboost": {
      "mean_f1": 0.934738008121637,
      "std_f1": 0.006167837296631519,
      "cv_scores": [
        0.9367704280155642,
        0.9447674418604651,
        0.9325626204238922,
        0.9258018190521781,
        0.9337877312560857
      ]
    },
    "random_forest": {
      "mean_f1": 0.8226205710494494,
      "std_f1": 0.005242757790356147,
      "cv_scores": [
        0.8227272727272728,
        0.8219805380652547,
        0.8317388857625211,
        0.8154111558366878,
        0.8212450028555112
      ]
    }
  }
}